﻿<?xml version="1.0"?>
<doc>
<assembly>
<name>
TSLInterpreter
</name>
</assembly>
<members>
<member name="M:TSLInterpreter.Commands.SendDosCom(System.String)">
	<summary>
	</summary>
	<param name="Strcommands"></param>
	<returns></returns>
	<remarks></remarks>
</member><member name="P:TSLInterpreter.My.Resources.Resources.ResourceManager">
	<summary>
  Returns the cached ResourceManager instance used by this class.
</summary>
</member><member name="P:TSLInterpreter.My.Resources.Resources.Culture">
	<summary>
  Overrides the current thread's CurrentUICulture property for all
  resource lookups using this strongly typed resource class.
</summary>
</member><member name="T:TSLInterpreter.My.Resources.Resources">
	<summary>
  A strongly-typed resource class, for looking up localized strings, etc.
</summary>
</member>
</members>
</doc>