﻿<?xml version="1.0"?>
<doc>
<assembly>
<name>
TextStudio
</name>
</assembly>
<members>
<member name="T:TextStudioFinal.My.Resources.Resources">
<summary>
  A strongly-typed resource class, for looking up localized strings, etc.
</summary>
</member>
<member name="P:TextStudioFinal.My.Resources.Resources.ResourceManager">
<summary>
  Returns the cached ResourceManager instance used by this class.
</summary>
</member>
<member name="P:TextStudioFinal.My.Resources.Resources.Culture">
<summary>
  Overrides the current thread's CurrentUICulture property for all
  resource lookups using this strongly typed resource class.
</summary>
</member>
<member name="P:TextStudioFinal.My.Resources.Resources._123Mu">
<summary>
  Looks up a localized resource of type System.Drawing.Bitmap.
</summary>
</member>
<member name="P:TextStudioFinal.My.Resources.Resources._2">
<summary>
  Looks up a localized resource of type System.Drawing.Bitmap.
</summary>
</member>
<member name="P:TextStudioFinal.My.Resources.Resources.Actions_draw_brush_icon">
<summary>
  Looks up a localized resource of type System.Drawing.Bitmap.
</summary>
</member>
<member name="P:TextStudioFinal.My.Resources.Resources.Actions_edit_rename_icon">
<summary>
  Looks up a localized resource of type System.Drawing.Bitmap.
</summary>
</member>
<member name="P:TextStudioFinal.My.Resources.Resources.Actionsgoupicon">
<summary>
  Looks up a localized resource of type System.Drawing.Bitmap.
</summary>
</member>
<member name="P:TextStudioFinal.My.Resources.Resources.Alarm_Error_icon">
<summary>
  Looks up a localized resource of type System.Drawing.Bitmap.
</summary>
</member>
<member name="P:TextStudioFinal.My.Resources.Resources.Alien_bored_icon">
<summary>
  Looks up a localized resource of type System.Drawing.Bitmap.
</summary>
</member>
<member name="P:TextStudioFinal.My.Resources.Resources.barcode_reader_icon">
<summary>
  Looks up a localized resource of type System.Drawing.Bitmap.
</summary>
</member>
<member name="P:TextStudioFinal.My.Resources.Resources.Burn_icon">
<summary>
  Looks up a localized resource of type System.Drawing.Bitmap.
</summary>
</member>
<member name="P:TextStudioFinal.My.Resources.Resources.cabinet">
<summary>
  Looks up a localized resource of type System.Drawing.Icon similar to (Icon).
</summary>
</member>
<member name="P:TextStudioFinal.My.Resources.Resources.cabinet_icon">
<summary>
  Looks up a localized resource of type System.Drawing.Bitmap.
</summary>
</member>
<member name="P:TextStudioFinal.My.Resources.Resources.Calculator_icon">
<summary>
  Looks up a localized resource of type System.Drawing.Bitmap.
</summary>
</member>
<member name="P:TextStudioFinal.My.Resources.Resources.code_icon">
<summary>
  Looks up a localized resource of type System.Drawing.Bitmap.
</summary>
</member>
<member name="P:TextStudioFinal.My.Resources.Resources.DeICONTS">
<summary>
  Looks up a localized resource of type System.Drawing.Bitmap.
</summary>
</member>
<member name="P:TextStudioFinal.My.Resources.Resources.DeICONTS2">
<summary>
  Looks up a localized resource of type System.Drawing.Bitmap.
</summary>
</member>
<member name="P:TextStudioFinal.My.Resources.Resources.DeICONTS21">
<summary>
  Looks up a localized resource of type System.Drawing.Bitmap.
</summary>
</member>
<member name="P:TextStudioFinal.My.Resources.Resources.document_compare_icon">
<summary>
  Looks up a localized resource of type System.Drawing.Bitmap.
</summary>
</member>
<member name="P:TextStudioFinal.My.Resources.Resources.Earl_Ciel_icon">
<summary>
  Looks up a localized resource of type System.Drawing.Bitmap.
</summary>
</member>
<member name="P:TextStudioFinal.My.Resources.Resources.Edit_Document_icon">
<summary>
  Looks up a localized resource of type System.Drawing.Bitmap.
</summary>
</member>
<member name="P:TextStudioFinal.My.Resources.Resources.Files_Edit_file_icon">
<summary>
  Looks up a localized resource of type System.Drawing.Bitmap.
</summary>
</member>
<member name="P:TextStudioFinal.My.Resources.Resources.fill_icon">
<summary>
  Looks up a localized resource of type System.Drawing.Bitmap.
</summary>
</member>
<member name="P:TextStudioFinal.My.Resources.Resources.Furious_icon">
<summary>
  Looks up a localized resource of type System.Drawing.Bitmap.
</summary>
</member>
<member name="P:TextStudioFinal.My.Resources.Resources.Gear_icon">
<summary>
  Looks up a localized resource of type System.Drawing.Bitmap.
</summary>
</member>
<member name="P:TextStudioFinal.My.Resources.Resources.M">
<summary>
  Looks up a localized resource of type System.Drawing.Bitmap.
</summary>
</member>
<member name="P:TextStudioFinal.My.Resources.Resources.Macromedia_Extension_Manager_MX_icon">
<summary>
  Looks up a localized resource of type System.Drawing.Bitmap.
</summary>
</member>
<member name="P:TextStudioFinal.My.Resources.Resources.Macromedia_Extension_Manager_MX_icon1">
<summary>
  Looks up a localized resource of type System.Drawing.Bitmap.
</summary>
</member>
<member name="P:TextStudioFinal.My.Resources.Resources.malicious_code_icon">
<summary>
  Looks up a localized resource of type System.Drawing.Bitmap.
</summary>
</member>
<member name="P:TextStudioFinal.My.Resources.Resources.Mimetypes_text_x_hex_icon">
<summary>
  Looks up a localized resource of type System.Drawing.Bitmap.
</summary>
</member>
<member name="P:TextStudioFinal.My.Resources.Resources.MusoftLogo">
<summary>
  Looks up a localized resource of type System.Drawing.Bitmap.
</summary>
</member>
<member name="P:TextStudioFinal.My.Resources.Resources.rgb">
<summary>
  Looks up a localized resource of type System.Drawing.Bitmap.
</summary>
</member>
<member name="P:TextStudioFinal.My.Resources.Resources.Search_icon">
<summary>
  Looks up a localized resource of type System.Drawing.Bitmap.
</summary>
</member>
<member name="P:TextStudioFinal.My.Resources.Resources.search_icon__1_">
<summary>
  Looks up a localized resource of type System.Drawing.Bitmap.
</summary>
</member>
<member name="P:TextStudioFinal.My.Resources.Resources.source_cpp_icon">
<summary>
  Looks up a localized resource of type System.Drawing.Bitmap.
</summary>
</member>
<member name="P:TextStudioFinal.My.Resources.Resources.super_man_icon">
<summary>
  Looks up a localized resource of type System.Drawing.Bitmap.
</summary>
</member>
<member name="P:TextStudioFinal.My.Resources.Resources.TA4">
<summary>
  Looks up a localized resource of type System.Drawing.Bitmap.
</summary>
</member>
<member name="P:TextStudioFinal.My.Resources.Resources.TSLanguage3">
<summary>
  Looks up a localized resource of type System.Drawing.Bitmap.
</summary>
</member>
<member name="P:TextStudioFinal.My.Resources.Resources.Undo_icon">
<summary>
  Looks up a localized resource of type System.Drawing.Bitmap.
</summary>
</member>
<member name="P:TextStudioFinal.My.Resources.Resources.V1_icon">
<summary>
  Looks up a localized resource of type System.Drawing.Bitmap.
</summary>
</member>
<member name="M:TextStudioFinal.Commands.SendDosCom(System.String)">
 <summary>
 
 </summary>
 <param name="Strcommands"></param>
 <returns></returns>
 <remarks></remarks>
</member>
<member name="T:TextStudioFinal.frmCode2">
<summary>
  A strongly-typed resource class, for looking up localized strings, etc.
</summary>
</member>
<member name="P:TextStudioFinal.frmCode2.ResourceManager">
<summary>
  Returns the cached ResourceManager instance used by this class.
</summary>
</member>
<member name="P:TextStudioFinal.frmCode2.Culture">
<summary>
  Overrides the current thread's CurrentUICulture property for all
  resource lookups using this strongly typed resource class.
</summary>
</member>
<member name="P:TextStudioFinal.frmCode2.BookMenu_Image">
<summary>
  Looks up a localized resource of type System.Drawing.Bitmap.
</summary>
</member>
<member name="P:TextStudioFinal.frmCode2.cmdCatAdd_Image">
<summary>
  Looks up a localized resource of type System.Drawing.Bitmap.
</summary>
</member>
<member name="P:TextStudioFinal.frmCode2.cmdCatDelete_Image">
<summary>
  Looks up a localized resource of type System.Drawing.Bitmap.
</summary>
</member>
<member name="P:TextStudioFinal.frmCode2.cmdCatEdit_Image">
<summary>
  Looks up a localized resource of type System.Drawing.Bitmap.
</summary>
</member>
<member name="P:TextStudioFinal.frmCode2.cmdSave_Image">
<summary>
  Looks up a localized resource of type System.Drawing.Bitmap.
</summary>
</member>
<member name="P:TextStudioFinal.frmCode2.dlgFont_TrayLocation">
<summary>
  Looks up a localized resource of type System.Drawing.Point similar to {X=358,Y=17}.
</summary>
</member>
<member name="P:TextStudioFinal.frmCode2.dlgOpen_TrayLocation">
<summary>
  Looks up a localized resource of type System.Drawing.Point similar to {X=452,Y=17}.
</summary>
</member>
<member name="P:TextStudioFinal.frmCode2.printDialog1_TrayLocation">
<summary>
  Looks up a localized resource of type System.Drawing.Point similar to {X=17,Y=56}.
</summary>
</member>
<member name="P:TextStudioFinal.frmCode2.printPreviewDialog1_Icon">
<summary>
  Looks up a localized resource of type System.Drawing.Icon similar to (Icon).
</summary>
</member>
<member name="P:TextStudioFinal.frmCode2.printPreviewDialog1_TrayLocation">
<summary>
  Looks up a localized resource of type System.Drawing.Point similar to {X=290,Y=56}.
</summary>
</member>
<member name="P:TextStudioFinal.frmCode2.RTB_Edit_Image">
<summary>
  Looks up a localized resource of type System.Drawing.Bitmap.
</summary>
</member>
<member name="P:TextStudioFinal.frmCode2.RTB_editFind_Image">
<summary>
  Looks up a localized resource of type System.Drawing.Bitmap.
</summary>
</member>
<member name="P:TextStudioFinal.frmCode2.RTB_editParaCenter_Image">
<summary>
  Looks up a localized resource of type System.Drawing.Bitmap.
</summary>
</member>
<member name="P:TextStudioFinal.frmCode2.RTB_editParaLeft_Image">
<summary>
  Looks up a localized resource of type System.Drawing.Bitmap.
</summary>
</member>
<member name="P:TextStudioFinal.frmCode2.RTB_editRedo_Image">
<summary>
  Looks up a localized resource of type System.Drawing.Bitmap.
</summary>
</member>
<member name="P:TextStudioFinal.frmCode2.RTB_editReplace_Image">
<summary>
  Looks up a localized resource of type System.Drawing.Bitmap.
</summary>
</member>
<member name="P:TextStudioFinal.frmCode2.RTB_editUndo_Image">
<summary>
  Looks up a localized resource of type System.Drawing.Bitmap.
</summary>
</member>
<member name="P:TextStudioFinal.frmCode2.RTB_insBullet_Image">
<summary>
  Looks up a localized resource of type System.Drawing.Bitmap.
</summary>
</member>
<member name="P:TextStudioFinal.frmCode2.RTB_insDividerLine_Image">
<summary>
  Looks up a localized resource of type System.Drawing.Bitmap.
</summary>
</member>
<member name="P:TextStudioFinal.frmCode2.RTB_Insert_Image">
<summary>
  Looks up a localized resource of type System.Drawing.Bitmap.
</summary>
</member>
<member name="P:TextStudioFinal.frmCode2.RTB_insPicture_Image">
<summary>
  Looks up a localized resource of type System.Drawing.Bitmap.
</summary>
</member>
<member name="P:TextStudioFinal.frmCode2.RTB_Menu_TrayLocation">
<summary>
  Looks up a localized resource of type System.Drawing.Point similar to {X=249,Y=17}.
</summary>
</member>
<member name="P:TextStudioFinal.frmCode2.RTB_mnuClearDocument_Image">
<summary>
  Looks up a localized resource of type System.Drawing.Bitmap.
</summary>
</member>
<member name="P:TextStudioFinal.frmCode2.RTB_mnuComment_Image">
<summary>
  Looks up a localized resource of type System.Drawing.Bitmap.
</summary>
</member>
<member name="P:TextStudioFinal.frmCode2.RTB_mnuPicture_Image">
<summary>
  Looks up a localized resource of type System.Drawing.Bitmap.
</summary>
</member>
<member name="P:TextStudioFinal.frmCode2.RTB_ScreenShot_Image">
<summary>
  Looks up a localized resource of type System.Drawing.Bitmap.
</summary>
</member>
<member name="P:TextStudioFinal.frmCode2.RTB_ToolStrip_TrayLocation">
<summary>
  Looks up a localized resource of type System.Drawing.Point similar to {X=671,Y=17}.
</summary>
</member>
<member name="P:TextStudioFinal.frmCode2.RTB_WordWrap_Image">
<summary>
  Looks up a localized resource of type System.Drawing.Bitmap.
</summary>
</member>
<member name="P:TextStudioFinal.frmCode2.ThePrintDocument_TrayLocation">
<summary>
  Looks up a localized resource of type System.Drawing.Point similar to {X=136,Y=56}.
</summary>
</member>
<member name="P:TextStudioFinal.frmCode2.ToolStrip1_TrayLocation">
<summary>
  Looks up a localized resource of type System.Drawing.Point similar to {X=798,Y=17}.
</summary>
</member>
<member name="P:TextStudioFinal.frmCode2.ToolStripSplitButton1_Image">
<summary>
  Looks up a localized resource of type System.Drawing.Bitmap.
</summary>
</member>
<member name="P:TextStudioFinal.frmCode2.Tray_Icon">
<summary>
  Looks up a localized resource of type System.Drawing.Icon similar to (Icon).
</summary>
</member>
<member name="P:TextStudioFinal.frmCode2.Tray_TrayLocation">
<summary>
  Looks up a localized resource of type System.Drawing.Point similar to {X=174,Y=17}.
</summary>
</member>
<member name="P:TextStudioFinal.frmCode2.TV_AddCategory_Image">
<summary>
  Looks up a localized resource of type System.Drawing.Bitmap.
</summary>
</member>
<member name="P:TextStudioFinal.frmCode2.TV_AddGroup_Image">
<summary>
  Looks up a localized resource of type System.Drawing.Bitmap.
</summary>
</member>
<member name="P:TextStudioFinal.frmCode2.TV_Copy_Image">
<summary>
  Looks up a localized resource of type System.Drawing.Bitmap.
</summary>
</member>
<member name="P:TextStudioFinal.frmCode2.TV_Cut_Image">
<summary>
  Looks up a localized resource of type System.Drawing.Bitmap.
</summary>
</member>
<member name="P:TextStudioFinal.frmCode2.TV_Delete_Image">
<summary>
  Looks up a localized resource of type System.Drawing.Bitmap.
</summary>
</member>
<member name="P:TextStudioFinal.frmCode2.TV_Edit_Image">
<summary>
  Looks up a localized resource of type System.Drawing.Bitmap.
</summary>
</member>
<member name="P:TextStudioFinal.frmCode2.TV_Menu_TrayLocation">
<summary>
  Looks up a localized resource of type System.Drawing.Point similar to {X=451,Y=56}.
</summary>
</member>
<member name="P:TextStudioFinal.frmCode2.TV_Paste_Image">
<summary>
  Looks up a localized resource of type System.Drawing.Bitmap.
</summary>
</member>
<member name="P:TextStudioFinal.frmCode2.TV_ToolStrip_TrayLocation">
<summary>
  Looks up a localized resource of type System.Drawing.Point similar to {X=551,Y=17}.
</summary>
</member>
<member name="T:TextStudioFinal.frmReplace">
<summary>
  A strongly-typed resource class, for looking up localized strings, etc.
</summary>
</member>
<member name="P:TextStudioFinal.frmReplace.ResourceManager">
<summary>
  Returns the cached ResourceManager instance used by this class.
</summary>
</member>
<member name="P:TextStudioFinal.frmReplace.Culture">
<summary>
  Overrides the current thread's CurrentUICulture property for all
  resource lookups using this strongly typed resource class.
</summary>
</member>
</members>
</doc>
