﻿<?xml version="1.0"?>
<doc>
<assembly>
<name>
TextStudio
</name>
</assembly>
<members>
<member name="P:TextStudioFinal.frmCode2.ResourceManager">
	<summary>
  Returns the cached ResourceManager instance used by this class.
</summary>
</member><member name="P:TextStudioFinal.frmCode2.Culture">
	<summary>
  Overrides the current thread's CurrentUICulture property for all
  resource lookups using this strongly typed resource class.
</summary>
</member><member name="T:TextStudioFinal.frmCode2">
	<summary>
  A strongly-typed resource class, for looking up localized strings, etc.
</summary>
</member><member name="P:TextStudioFinal.My.Resources.Resources.ResourceManager">
	<summary>
  Returns the cached ResourceManager instance used by this class.
</summary>
</member><member name="P:TextStudioFinal.My.Resources.Resources.Culture">
	<summary>
  Overrides the current thread's CurrentUICulture property for all
  resource lookups using this strongly typed resource class.
</summary>
</member><member name="T:TextStudioFinal.My.Resources.Resources">
	<summary>
  A strongly-typed resource class, for looking up localized strings, etc.
</summary>
</member><member name="M:TextStudioFinal.Commands.SendDosCom(System.String)">
	<summary>
	</summary>
	<param name="Strcommands"></param>
	<returns></returns>
	<remarks></remarks>
</member><member name="P:TextStudioFinal.frmReplace.ResourceManager">
	<summary>
  Returns the cached ResourceManager instance used by this class.
</summary>
</member><member name="P:TextStudioFinal.frmReplace.Culture">
	<summary>
  Overrides the current thread's CurrentUICulture property for all
  resource lookups using this strongly typed resource class.
</summary>
</member><member name="T:TextStudioFinal.frmReplace">
	<summary>
  A strongly-typed resource class, for looking up localized strings, etc.
</summary>
</member>
</members>
</doc>